<?xml version="1.0" encoding="UTF-8"?>
<project-private xmlns="http://www.netbeans.org/ns/project-private/1">
    <editor-bookmarks xmlns="http://www.netbeans.org/ns/editor-bookmarks/2" lastBookmarkId="0"/>
    <open-files xmlns="http://www.netbeans.org/ns/projectui-open-files/2">
        <group>
            <file>file:/C:/Users/63947/Documents/NetBeansProjects/sis/ordering/src/javaapplication2/userControlPanel.java</file>
            <file>file:/C:/Users/63947/Documents/NetBeansProjects/sis/ordering/src/javaapplication2/login.java</file>
            <file>file:/C:/Users/63947/Documents/NetBeansProjects/sis/ordering/src/javaapplication2/ListOfEmployee.java</file>
            <file>file:/C:/Users/63947/Documents/NetBeansProjects/sis/ordering/src/javaapplication2/custom_confirmDialog.java</file>
        </group>
    </open-files>
</project-private>
